-- MariaDB dump 10.19  Distrib 10.5.12-MariaDB, for Linux (x86_64)
--
-- Host: mysql.hostinger.ro    Database: u574849695_23
-- ------------------------------------------------------
-- Server version	10.5.12-MariaDB-cll-lve

/*!40101 SET @OLD_CHARACTER_SET_CLIENT=@@CHARACTER_SET_CLIENT */;
/*!40101 SET @OLD_CHARACTER_SET_RESULTS=@@CHARACTER_SET_RESULTS */;
/*!40101 SET @OLD_COLLATION_CONNECTION=@@COLLATION_CONNECTION */;
/*!40101 SET NAMES utf8mb4 */;
/*!40103 SET @OLD_TIME_ZONE=@@TIME_ZONE */;
/*!40103 SET TIME_ZONE='+00:00' */;
/*!40014 SET @OLD_UNIQUE_CHECKS=@@UNIQUE_CHECKS, UNIQUE_CHECKS=0 */;
/*!40014 SET @OLD_FOREIGN_KEY_CHECKS=@@FOREIGN_KEY_CHECKS, FOREIGN_KEY_CHECKS=0 */;
/*!40101 SET @OLD_SQL_MODE=@@SQL_MODE, SQL_MODE='NO_AUTO_VALUE_ON_ZERO' */;
/*!40111 SET @OLD_SQL_NOTES=@@SQL_NOTES, SQL_NOTES=0 */;

--
-- Table structure for table `catalogs`
--

DROP TABLE IF EXISTS `catalogs`;
/*!40101 SET @saved_cs_client     = @@character_set_client */;
/*!40101 SET character_set_client = utf8 */;
CREATE TABLE `catalogs` (
  `id` bigint(20) unsigned NOT NULL AUTO_INCREMENT,
  `name` varchar(255) COLLATE utf8mb4_unicode_ci DEFAULT NULL COMMENT 'Название раздела',
  PRIMARY KEY (`id`),
  UNIQUE KEY `unique_name` (`name`(10))
) ENGINE=InnoDB AUTO_INCREMENT=6 DEFAULT CHARSET=utf8mb4 COLLATE=utf8mb4_unicode_ci COMMENT='Разделы интернет-магазина';
/*!40101 SET character_set_client = @saved_cs_client */;

--
-- Dumping data for table `catalogs`
--

LOCK TABLES `catalogs` WRITE;
/*!40000 ALTER TABLE `catalogs` DISABLE KEYS */;
INSERT INTO `catalogs` VALUES (1,'Процессоры'),(2,'Материнские платы'),(3,'Видеокарты'),(4,'Жесткие диски'),(5,'Оперативная память');
/*!40000 ALTER TABLE `catalogs` ENABLE KEYS */;
UNLOCK TABLES;

--
-- Table structure for table `discounts`
--

DROP TABLE IF EXISTS `discounts`;
/*!40101 SET @saved_cs_client     = @@character_set_client */;
/*!40101 SET character_set_client = utf8 */;
CREATE TABLE `discounts` (
  `id` bigint(20) unsigned NOT NULL AUTO_INCREMENT,
  `user_id` int(10) unsigned DEFAULT NULL,
  `product_id` int(10) unsigned DEFAULT NULL,
  `discount` float unsigned DEFAULT NULL COMMENT 'Величина скидки от 0.0 до 1.0',
  `started_at` datetime DEFAULT NULL,
  `finished_at` datetime DEFAULT NULL,
  `created_at` datetime DEFAULT current_timestamp(),
  `updated_at` datetime DEFAULT current_timestamp() ON UPDATE current_timestamp(),
  PRIMARY KEY (`id`),
  KEY `index_of_user_id` (`user_id`),
  KEY `index_of_product_id` (`product_id`)
) ENGINE=InnoDB AUTO_INCREMENT=101 DEFAULT CHARSET=utf8mb4 COLLATE=utf8mb4_unicode_ci COMMENT='Скидки';
/*!40101 SET character_set_client = @saved_cs_client */;

--
-- Dumping data for table `discounts`
--

LOCK TABLES `discounts` WRITE;
/*!40000 ALTER TABLE `discounts` DISABLE KEYS */;
INSERT INTO `discounts` VALUES (1,5,1,14,'1985-04-10 00:44:25','1985-01-10 03:27:33','1991-03-28 17:49:20','2008-05-05 19:49:32'),(2,1,6,24,'2012-11-10 20:16:00','1994-08-09 00:07:57','2005-01-21 03:06:08','1980-09-13 08:34:00'),(3,2,7,14,'1988-04-10 21:14:17','2022-10-06 17:17:05','1997-01-23 22:04:15','1982-09-11 15:16:20'),(4,2,4,3,'1980-07-12 08:32:40','2011-05-01 00:53:29','1971-05-02 13:39:50','2005-01-07 23:28:49'),(5,1,1,17,'1992-06-05 05:43:10','1981-02-15 18:00:49','1985-09-18 05:42:35','1999-12-22 07:37:52'),(6,4,3,6,'2002-08-31 01:45:13','2008-05-22 01:53:33','2018-06-13 19:49:25','1984-09-02 17:12:55'),(7,3,3,20,'1977-08-04 12:42:09','1983-04-03 14:00:34','1981-08-10 22:37:46','1996-03-10 04:40:18'),(8,1,4,24,'1994-01-23 13:40:15','2018-07-20 02:32:30','1999-11-25 06:51:31','1996-11-15 16:12:23'),(9,5,7,10,'2002-11-15 03:10:22','1971-03-19 12:18:58','1971-09-29 16:38:23','1993-09-20 03:27:13'),(10,5,4,8,'1984-11-18 12:58:02','1982-05-28 02:59:50','1974-12-09 00:03:57','1999-12-06 20:50:03'),(11,1,4,17,'2020-04-26 10:08:15','2000-06-08 21:20:00','1996-02-24 05:49:54','2003-10-02 21:38:18'),(12,1,3,18,'2012-05-29 06:34:28','1998-04-11 00:11:59','1978-05-29 07:08:50','1988-11-07 19:36:38'),(13,4,4,24,'2011-05-26 04:29:45','1973-06-26 08:21:03','1977-01-29 11:13:12','1990-12-19 04:12:43'),(14,5,3,9,'2017-07-28 03:18:55','1999-03-26 14:52:32','1984-02-05 10:40:10','2012-04-02 02:29:40'),(15,4,1,4,'1988-07-05 07:34:14','1986-08-01 15:26:25','2003-06-23 05:38:13','1971-07-20 23:55:39'),(16,2,4,23,'2008-04-28 07:29:53','1987-05-02 11:17:53','2013-05-16 05:51:21','2016-10-07 08:05:09'),(17,1,3,15,'1997-05-03 06:43:46','1988-10-14 14:10:48','1983-05-23 06:35:48','1973-02-07 13:16:35'),(18,2,4,6,'1981-01-22 08:47:02','1992-12-03 15:18:48','2002-11-22 20:06:30','1992-10-30 13:55:36'),(19,1,4,21,'2010-01-18 04:36:23','2002-07-18 18:54:51','1990-06-30 21:52:44','1991-09-08 08:44:49'),(20,5,2,2,'1978-10-24 06:36:02','1987-11-09 22:25:24','2010-02-06 20:53:55','1983-06-16 21:44:16'),(21,4,5,25,'2006-05-25 05:37:20','1972-12-28 21:02:11','2010-11-30 12:15:12','1988-01-28 09:52:04'),(22,4,2,15,'1988-07-30 03:36:33','1996-03-21 06:59:10','1970-12-30 19:48:12','1971-07-11 14:06:39'),(23,1,5,18,'1992-03-05 14:25:26','1982-08-21 12:28:01','2001-10-01 21:46:21','1995-04-22 14:31:59'),(24,4,7,22,'1999-04-19 21:14:53','1983-02-17 11:26:06','1986-04-04 23:09:53','2015-12-29 21:57:32'),(25,4,4,10,'1985-08-12 01:23:22','1975-09-14 23:37:09','1979-01-26 03:35:26','1983-05-03 13:12:42'),(26,2,6,10,'2022-11-25 18:38:37','1993-11-26 11:53:02','1986-02-21 11:14:36','2003-02-27 19:39:22'),(27,1,3,11,'2010-06-10 12:29:47','2005-10-06 16:09:54','2019-11-10 09:05:54','1984-10-06 21:58:16'),(28,1,6,5,'1982-11-30 01:53:48','1990-12-09 15:03:40','1972-07-14 18:51:23','1982-03-19 19:28:05'),(29,4,7,8,'2007-07-08 17:09:06','2004-04-29 04:44:47','2022-02-06 23:52:26','1996-08-21 14:35:34'),(30,1,4,9,'2015-11-01 14:39:35','2014-12-20 15:49:29','1998-11-18 00:05:04','1993-04-22 18:25:41'),(31,1,3,10,'1988-08-29 13:35:06','1985-10-31 11:35:18','1972-08-19 11:51:53','1986-07-04 08:38:18'),(32,5,2,11,'2001-12-05 19:41:04','1975-07-12 05:58:24','2015-05-15 06:51:46','1988-02-11 12:32:19'),(33,4,2,23,'1997-05-13 16:41:45','1985-04-18 23:07:15','2020-11-14 19:10:57','1996-07-20 00:56:41'),(34,4,7,16,'2017-10-05 02:26:15','1981-12-10 23:46:30','1992-08-14 02:25:24','1978-05-06 23:00:37'),(35,4,5,17,'2003-03-07 17:30:30','2000-10-09 12:25:48','2009-12-23 19:45:43','1993-01-17 00:08:43'),(36,1,3,10,'2004-05-11 21:40:01','2012-05-18 16:20:55','1991-02-10 06:24:57','2011-11-20 01:28:23'),(37,2,6,1,'1983-01-04 12:21:22','1979-11-08 07:44:14','2011-04-09 20:06:42','1979-01-19 11:35:14'),(38,3,2,19,'1993-05-03 12:14:25','1988-12-07 06:34:18','2006-07-10 04:28:54','2007-02-23 14:46:47'),(39,3,1,4,'2010-12-23 14:03:09','2020-12-29 19:02:49','2021-10-31 02:56:27','2006-01-05 00:20:08'),(40,1,1,17,'1989-11-21 13:48:32','1977-01-31 14:42:45','1984-05-04 19:06:24','1972-08-31 03:08:26'),(41,4,4,7,'1992-10-27 04:42:14','1998-04-03 09:42:12','1972-10-28 00:12:43','2000-03-15 13:57:19'),(42,5,5,10,'2016-02-05 07:46:09','1984-10-22 04:33:03','1985-10-24 05:31:08','2006-10-28 21:00:33'),(43,5,7,12,'1980-10-20 12:33:16','1992-06-05 12:37:01','2009-07-06 02:17:49','1999-10-30 18:54:30'),(44,3,5,6,'1998-03-19 19:02:57','1972-01-12 11:00:35','1976-01-11 11:35:56','1998-12-11 14:47:06'),(45,5,5,1,'2010-05-06 19:30:04','1988-02-15 13:22:30','2006-01-19 01:53:54','2010-10-03 15:19:33'),(46,1,7,23,'2010-11-30 03:38:22','2021-04-07 11:50:15','1984-06-19 19:58:24','2011-12-08 20:49:12'),(47,1,1,6,'1985-02-06 12:51:26','2020-05-21 18:55:51','1995-04-01 16:47:14','2011-12-31 17:41:10'),(48,1,7,11,'2013-02-26 10:26:04','2014-09-24 19:35:11','1979-10-18 20:48:15','1980-10-03 18:04:03'),(49,2,6,12,'2014-08-06 07:33:11','2009-10-17 07:08:50','2002-09-02 05:19:01','1999-09-29 20:01:52'),(50,4,7,9,'1984-03-01 16:42:22','1977-02-06 04:03:17','1995-04-29 21:15:40','2002-08-12 11:49:27'),(51,2,7,16,'1993-10-21 08:44:08','1975-10-23 06:19:14','2010-05-04 15:41:22','1991-01-04 18:25:14'),(52,1,5,8,'1984-11-03 16:15:51','1992-07-31 01:30:16','2009-08-22 02:20:37','2008-07-19 10:09:08'),(53,4,5,15,'2002-05-01 23:33:11','1980-02-20 19:17:37','1978-02-18 18:47:19','1983-03-15 00:55:47'),(54,5,2,1,'1993-02-04 07:37:17','1977-11-15 01:05:40','2001-12-31 14:42:57','2000-04-04 09:54:37'),(55,4,1,4,'1980-09-25 02:11:18','1995-11-11 01:43:24','2007-03-06 15:25:39','2006-06-25 14:04:19'),(56,2,4,1,'1976-01-30 09:17:56','1990-06-06 19:56:15','2002-02-19 09:26:28','2007-07-01 08:16:18'),(57,3,2,20,'1991-12-11 06:03:47','1984-04-19 10:54:29','1977-05-21 12:56:53','1978-10-13 08:46:17'),(58,1,3,14,'1985-10-10 00:23:43','1994-12-03 02:20:27','1994-11-15 20:18:55','1980-12-13 23:44:50'),(59,2,5,19,'2017-01-06 11:03:20','2005-01-12 15:57:38','1989-02-10 10:15:47','1972-09-23 00:52:49'),(60,5,1,3,'1991-09-30 13:48:36','1980-02-08 02:14:03','1982-06-29 01:11:03','2008-07-06 19:41:27'),(61,2,7,14,'2007-10-11 03:18:23','1997-11-30 19:47:25','2007-07-04 04:18:57','1996-07-31 11:45:51'),(62,1,4,21,'2014-05-20 11:41:19','1981-04-12 01:36:22','1998-05-03 05:26:10','1982-08-14 05:52:49'),(63,5,2,25,'1973-02-15 05:16:08','2004-08-05 09:35:34','1972-01-25 19:01:09','2014-06-16 00:55:03'),(64,2,2,4,'1993-11-26 08:16:34','1996-02-21 02:38:56','2021-01-14 08:44:51','2007-09-25 20:01:11'),(65,5,2,12,'1982-10-21 14:03:34','1996-10-25 09:45:13','1989-08-29 07:12:39','1980-10-24 03:24:55'),(66,1,2,13,'2016-12-06 16:01:21','1999-12-18 01:47:14','2003-05-06 20:58:13','1998-11-30 07:42:46'),(67,1,3,6,'2004-06-27 23:32:44','1988-03-17 01:34:22','2011-10-22 06:04:53','1982-05-19 07:20:22'),(68,5,7,5,'1971-05-17 21:12:35','1995-07-03 00:18:36','1982-03-03 15:43:51','1974-02-11 04:58:42'),(69,5,5,3,'2001-10-19 10:26:27','1992-01-21 03:01:00','1979-04-10 11:27:59','1989-08-25 13:46:01'),(70,1,6,23,'2010-12-21 19:47:44','2011-05-02 01:25:00','1991-04-27 17:08:15','2014-04-23 01:06:09'),(71,4,4,16,'1992-07-23 05:40:57','1978-08-15 18:57:53','2021-10-03 21:15:25','1983-12-26 07:23:03'),(72,1,2,22,'1988-07-18 16:15:59','2011-05-14 23:26:33','2004-08-27 15:09:36','1977-11-14 04:05:50'),(73,4,3,7,'1972-11-21 09:53:26','1972-11-25 12:45:16','2006-07-03 12:00:33','1980-08-14 11:38:41'),(74,3,7,12,'2009-07-25 11:06:22','2010-08-30 08:24:02','1974-07-16 22:52:02','2007-01-01 08:08:24'),(75,5,3,2,'2013-01-15 15:33:19','2018-08-15 03:12:03','2017-02-09 12:01:03','1970-04-24 23:21:58'),(76,1,3,24,'2001-05-22 15:58:05','1972-07-23 17:37:56','1986-03-01 17:51:28','1975-03-02 14:47:56'),(77,2,2,2,'1999-09-01 23:42:02','1973-01-14 13:27:43','1972-09-23 04:36:47','2012-05-11 19:19:18'),(78,5,3,22,'2013-08-30 01:44:07','2010-09-25 10:36:33','1999-05-07 22:38:20','1991-02-25 12:21:43'),(79,2,2,23,'2019-04-28 06:42:25','1982-12-10 01:07:38','1987-10-14 06:55:10','1993-09-08 14:12:36'),(80,3,2,18,'2010-09-16 02:28:42','2008-02-17 14:19:39','2004-08-14 00:45:32','1973-08-08 05:10:10'),(81,2,5,24,'2004-12-11 13:09:56','2019-05-21 23:43:56','1978-06-30 04:45:03','2012-05-29 10:21:44'),(82,3,4,22,'2016-12-24 02:46:46','1978-09-05 12:57:53','2010-07-24 10:45:45','2020-03-08 23:53:01'),(83,5,3,24,'2004-10-08 16:05:41','2004-09-30 12:35:59','1994-05-19 14:31:26','1975-12-06 22:05:21'),(84,2,7,3,'2010-01-08 03:39:52','1996-07-23 07:48:30','1977-07-16 04:15:39','1980-08-25 15:43:14'),(85,1,3,10,'2016-07-13 01:30:54','1970-03-16 21:38:28','2001-02-18 11:24:36','1987-05-26 19:57:04'),(86,4,6,4,'2006-12-01 09:57:54','1996-04-04 05:10:54','1975-02-10 02:16:10','1981-03-23 09:04:35'),(87,5,6,20,'1996-12-13 07:58:06','2017-10-07 11:50:35','2008-04-09 08:36:31','2008-12-10 16:08:24'),(88,5,5,25,'2017-01-19 21:11:26','1980-05-18 09:59:51','2018-05-08 08:26:09','2013-06-14 07:42:22'),(89,1,3,6,'2007-03-08 03:40:18','2017-09-16 02:44:51','1973-10-08 11:36:17','1990-11-01 14:43:09'),(90,3,2,19,'1992-05-11 12:20:27','1986-09-22 00:18:16','2010-06-13 12:13:28','1979-06-14 06:04:44'),(91,4,5,20,'1978-07-05 00:28:45','1986-10-26 10:54:21','2003-09-02 06:32:07','2011-11-24 17:28:59'),(92,3,2,16,'1971-03-07 05:30:16','2016-03-31 09:25:59','1972-09-17 22:47:43','1976-03-05 23:31:01'),(93,4,3,4,'2006-05-03 07:53:51','1996-03-20 17:36:43','1994-04-12 23:06:45','1984-04-30 17:01:48'),(94,3,1,16,'1996-11-28 17:30:29','1980-12-19 02:35:05','2004-12-13 07:07:17','2015-03-29 12:01:53'),(95,3,1,23,'1999-02-17 11:46:49','1984-09-09 04:41:33','1977-10-14 17:35:00','2003-04-15 15:32:53'),(96,2,7,19,'2010-12-07 02:31:50','2020-01-06 01:59:39','2006-09-24 19:08:48','1980-12-05 06:06:07'),(97,4,7,24,'1989-07-31 05:07:46','2017-08-03 11:07:20','2012-11-22 10:48:50','2021-10-15 03:46:47'),(98,2,5,18,'2014-10-14 20:31:02','2007-11-17 06:32:21','1971-12-08 16:24:49','1973-06-08 22:51:08'),(99,2,5,25,'2022-04-01 15:05:30','2006-11-06 18:27:42','2007-02-15 09:04:14','1971-10-10 00:21:13'),(100,3,3,1,'2006-10-04 09:29:25','1997-03-17 05:35:41','2016-03-25 19:28:52','1979-10-08 18:27:34');
/*!40000 ALTER TABLE `discounts` ENABLE KEYS */;
UNLOCK TABLES;

--
-- Table structure for table `orders`
--

DROP TABLE IF EXISTS `orders`;
/*!40101 SET @saved_cs_client     = @@character_set_client */;
/*!40101 SET character_set_client = utf8 */;
CREATE TABLE `orders` (
  `id` bigint(20) unsigned NOT NULL AUTO_INCREMENT,
  `user_id` int(10) unsigned DEFAULT NULL,
  `created_at` datetime DEFAULT current_timestamp(),
  `updated_at` datetime DEFAULT current_timestamp() ON UPDATE current_timestamp(),
  PRIMARY KEY (`id`),
  KEY `index_of_user_id` (`user_id`)
) ENGINE=InnoDB AUTO_INCREMENT=26 DEFAULT CHARSET=utf8mb4 COLLATE=utf8mb4_unicode_ci COMMENT='Заказы';
/*!40101 SET character_set_client = @saved_cs_client */;

--
-- Dumping data for table `orders`
--

LOCK TABLES `orders` WRITE;
/*!40000 ALTER TABLE `orders` DISABLE KEYS */;
INSERT INTO `orders` VALUES (1,3,'2020-05-05 12:22:20','1983-01-05 01:43:30'),(2,4,'2002-09-24 09:43:31','2019-07-07 02:35:03'),(3,1,'1997-11-04 15:34:49','1973-09-20 19:38:51'),(4,4,'1973-06-21 01:04:50','2002-09-08 18:00:02'),(5,1,'1996-01-17 17:43:33','1975-03-10 17:44:29'),(6,5,'2002-10-25 00:49:18','1995-04-03 19:21:17'),(7,4,'2021-05-25 20:04:32','1997-01-15 23:01:41'),(8,5,'2009-08-25 07:43:41','1989-11-21 12:06:42'),(9,4,'1984-10-06 02:15:27','1994-12-31 18:40:43'),(10,1,'1985-11-10 00:25:51','2011-05-08 07:45:43'),(11,4,'1978-12-11 08:34:55','2012-10-25 07:39:42'),(12,4,'2021-09-29 21:53:05','2002-10-15 04:53:49'),(13,5,'1975-05-31 18:31:31','1982-04-06 10:42:02'),(14,5,'2016-09-22 07:36:49','1976-02-20 03:23:16'),(15,3,'2018-11-15 16:59:02','1983-06-22 07:05:27'),(16,1,'2005-12-13 13:03:42','1997-02-19 20:26:37'),(17,2,'1995-12-21 05:46:09','1979-12-22 13:09:52'),(18,3,'2012-04-07 03:49:37','2005-04-20 11:38:25'),(19,2,'1973-10-27 17:19:46','1989-01-15 04:28:46'),(20,1,'2009-08-20 07:24:18','1985-09-19 17:17:02'),(21,1,'2002-07-19 20:59:13','2003-06-30 03:31:14'),(22,2,'1989-12-27 20:32:27','2000-12-10 11:45:31'),(23,2,'1970-11-04 03:28:08','1970-02-18 14:32:07'),(24,1,'2011-10-17 01:16:13','2020-02-01 10:37:36'),(25,4,'1997-07-12 02:23:33','2004-10-19 13:15:14');
/*!40000 ALTER TABLE `orders` ENABLE KEYS */;
UNLOCK TABLES;

--
-- Table structure for table `orders_products`
--

DROP TABLE IF EXISTS `orders_products`;
/*!40101 SET @saved_cs_client     = @@character_set_client */;
/*!40101 SET character_set_client = utf8 */;
CREATE TABLE `orders_products` (
  `id` bigint(20) unsigned NOT NULL AUTO_INCREMENT,
  `order_id` int(10) unsigned DEFAULT NULL,
  `product_id` int(10) unsigned DEFAULT NULL,
  `total` int(10) unsigned DEFAULT 1 COMMENT 'Количество заказанных товарных позиций',
  `created_at` datetime DEFAULT current_timestamp(),
  `updated_at` datetime DEFAULT current_timestamp() ON UPDATE current_timestamp(),
  PRIMARY KEY (`id`)
) ENGINE=InnoDB AUTO_INCREMENT=101 DEFAULT CHARSET=utf8mb4 COLLATE=utf8mb4_unicode_ci COMMENT='Состав заказа';
/*!40101 SET character_set_client = @saved_cs_client */;

--
-- Dumping data for table `orders_products`
--

LOCK TABLES `orders_products` WRITE;
/*!40000 ALTER TABLE `orders_products` DISABLE KEYS */;
INSERT INTO `orders_products` VALUES (1,5,4,2,'1998-12-27 06:57:07','1983-09-19 19:30:56'),(2,12,1,2,'2002-07-05 04:24:19','2015-01-21 14:34:32'),(3,17,6,1,'2013-06-22 21:17:16','2013-10-07 17:04:23'),(4,16,7,3,'2013-02-24 03:57:19','2014-11-06 02:05:44'),(5,18,6,2,'2005-12-02 02:04:11','2007-01-15 20:44:06'),(6,6,2,2,'1972-07-29 04:23:13','2008-10-22 10:26:15'),(7,2,6,4,'1975-12-17 09:49:01','1998-08-07 07:12:28'),(8,3,3,1,'1983-03-03 21:17:40','2001-03-02 08:49:33'),(9,6,5,3,'2016-03-20 22:52:03','1982-07-31 22:14:08'),(10,1,5,1,'2001-12-06 17:43:39','2019-09-13 22:16:44'),(11,3,6,1,'1993-07-05 15:55:02','2019-12-05 16:58:21'),(12,24,1,4,'2019-11-15 01:13:48','2008-08-17 13:40:19'),(13,19,3,4,'2007-10-20 03:03:50','2005-01-20 19:54:43'),(14,4,6,3,'2017-05-13 15:04:27','1976-06-23 04:55:49'),(15,10,1,4,'2002-02-20 23:57:47','1998-01-08 15:59:31'),(16,9,5,1,'1978-09-22 11:02:12','1978-12-15 07:08:28'),(17,14,6,4,'2008-11-30 06:51:58','2001-06-25 06:21:37'),(18,16,2,3,'1980-08-13 16:18:14','2011-01-20 22:20:48'),(19,14,2,2,'2011-02-20 08:45:16','1980-06-13 08:25:47'),(20,3,2,1,'2014-01-06 01:28:27','2010-09-25 11:57:58'),(21,25,3,2,'2020-10-11 20:09:36','1998-12-31 06:09:43'),(22,12,1,2,'2010-07-05 18:26:38','1972-11-22 18:14:32'),(23,4,5,4,'2015-11-06 11:29:42','1989-09-17 21:05:52'),(24,11,3,3,'2010-01-11 22:49:02','1997-01-01 09:45:46'),(25,5,4,4,'2000-10-10 21:16:21','2004-02-21 01:47:05'),(26,25,3,2,'2003-03-16 15:39:11','2021-07-13 14:17:00'),(27,7,7,2,'1993-06-12 21:18:51','1991-06-29 14:05:44'),(28,8,1,3,'1999-05-30 19:23:46','1993-07-30 23:19:25'),(29,6,4,3,'1993-11-20 23:13:17','1971-01-11 10:38:09'),(30,21,5,2,'2016-05-08 06:47:16','1970-10-01 13:15:38'),(31,13,2,2,'2018-01-04 21:41:16','1982-03-17 12:29:17'),(32,5,1,1,'1981-07-23 01:02:39','2017-02-28 21:45:13'),(33,24,6,4,'2008-06-07 09:25:46','1981-08-10 11:21:47'),(34,8,4,2,'1973-10-16 05:58:32','1987-05-22 19:18:07'),(35,2,3,3,'2019-02-06 11:42:43','2000-03-17 08:05:15'),(36,18,1,2,'2022-01-23 11:17:48','1973-02-09 20:47:02'),(37,18,2,3,'1986-06-16 12:43:51','2005-11-06 19:04:33'),(38,2,6,3,'1978-05-02 17:53:47','2004-10-26 06:16:13'),(39,19,4,1,'2007-09-23 04:34:49','1981-01-26 00:30:29'),(40,5,7,2,'2007-06-11 01:05:37','1989-01-12 18:56:21'),(41,24,1,1,'1984-04-22 11:53:40','1982-09-01 09:22:10'),(42,6,2,2,'1970-07-02 18:24:44','1973-02-06 19:22:48'),(43,2,4,4,'1990-08-31 12:00:05','2021-03-29 05:53:18'),(44,6,2,3,'1980-10-28 21:11:55','1995-06-01 15:49:19'),(45,1,1,3,'1979-04-19 04:18:55','2019-02-25 20:46:24'),(46,22,4,2,'1987-08-04 15:26:29','1979-04-20 07:05:01'),(47,5,1,3,'2022-09-25 08:34:58','1997-03-10 22:50:22'),(48,14,1,2,'1973-05-14 02:15:03','2014-01-16 06:56:20'),(49,21,6,2,'2014-11-21 04:58:58','1978-02-16 14:01:52'),(50,15,7,1,'1984-08-11 23:15:08','2018-07-26 02:23:13'),(51,6,2,3,'2011-09-30 11:39:34','1999-12-06 12:49:13'),(52,22,7,2,'1977-10-15 09:24:01','1999-01-11 04:16:30'),(53,12,7,4,'1973-05-15 09:39:09','2010-03-28 12:09:19'),(54,19,2,2,'2006-07-04 02:54:51','1999-08-02 14:43:39'),(55,11,7,1,'1998-06-25 12:54:52','1990-02-05 12:42:49'),(56,4,3,1,'2015-05-20 04:24:08','1974-09-29 01:19:21'),(57,2,3,2,'2006-06-02 20:24:55','2017-07-13 22:11:35'),(58,14,1,3,'2003-08-25 13:30:02','1992-07-03 12:45:29'),(59,23,6,4,'1996-01-02 17:39:59','1998-04-25 08:05:27'),(60,9,7,3,'2002-11-16 02:05:11','2004-10-07 07:24:53'),(61,20,2,3,'1988-06-07 08:09:54','1991-03-05 07:40:05'),(62,11,7,1,'1989-06-19 10:22:16','2004-07-26 16:05:29'),(63,5,7,3,'2022-05-29 11:46:09','2021-04-05 16:12:06'),(64,2,1,3,'1986-07-28 01:29:15','1971-07-07 20:28:54'),(65,21,5,1,'2000-03-17 01:23:55','2010-02-24 08:50:03'),(66,22,1,3,'1975-09-27 22:21:53','1973-01-31 08:04:04'),(67,23,6,4,'1987-08-25 01:09:50','1995-09-05 10:08:11'),(68,25,3,2,'2005-10-15 15:43:06','2011-06-11 19:40:12'),(69,17,5,2,'1992-08-14 05:04:53','1976-01-20 16:04:15'),(70,14,1,1,'2020-03-24 00:55:07','1987-02-22 07:25:38'),(71,16,5,1,'1972-12-13 00:28:18','2022-05-09 11:28:17'),(72,11,5,1,'1990-07-25 16:59:05','2018-01-07 14:48:16'),(73,2,7,1,'1971-06-01 01:26:13','2008-03-18 11:34:00'),(74,19,7,2,'2003-05-22 15:17:41','2016-07-25 06:17:44'),(75,19,1,4,'1992-08-11 04:28:41','1971-01-13 21:07:25'),(76,23,4,3,'1991-03-01 12:03:17','1984-03-09 23:48:04'),(77,6,3,1,'2002-08-17 17:03:03','1996-12-08 21:45:27'),(78,13,3,1,'2011-01-19 23:08:04','2002-03-11 06:41:45'),(79,8,4,1,'2021-11-30 17:58:25','2004-09-27 04:50:15'),(80,11,1,1,'1977-09-19 00:07:33','1977-02-07 05:57:28'),(81,5,3,1,'1990-07-05 00:52:26','2003-11-10 22:47:37'),(82,5,1,1,'2011-03-19 00:50:09','1996-01-30 18:38:29'),(83,1,1,4,'1985-03-05 18:56:31','1994-06-01 10:24:18'),(84,12,5,2,'2017-12-13 12:25:25','1978-03-11 19:38:25'),(85,21,1,4,'2013-04-04 04:13:46','1996-03-28 00:06:18'),(86,20,4,3,'2007-11-26 03:19:22','1984-02-10 02:28:56'),(87,19,2,2,'2002-04-13 08:27:46','1971-12-20 06:48:37'),(88,2,6,3,'1976-02-06 18:53:00','2011-10-03 16:10:23'),(89,5,6,3,'1972-12-26 09:33:54','2007-10-23 16:55:02'),(90,20,7,4,'2004-10-31 00:38:13','1974-03-09 10:14:14'),(91,22,5,4,'2022-08-24 21:25:55','2019-05-25 16:08:21'),(92,12,1,1,'1993-07-18 04:22:34','1986-04-03 20:38:29'),(93,1,7,4,'1992-04-21 01:15:37','1975-06-13 09:03:19'),(94,13,3,4,'1977-11-26 16:45:44','2008-01-24 01:23:55'),(95,13,7,3,'2003-01-11 17:49:27','1972-03-01 17:45:27'),(96,11,5,4,'2006-10-25 14:57:54','1997-03-07 11:25:03'),(97,6,5,2,'2007-07-11 12:07:21','1999-05-15 01:05:06'),(98,21,2,1,'2005-08-20 04:33:17','1977-03-09 11:07:55'),(99,19,2,3,'1976-06-20 21:49:19','2007-09-17 11:41:06'),(100,25,4,2,'2018-06-02 00:06:00','2017-05-06 17:42:03');
/*!40000 ALTER TABLE `orders_products` ENABLE KEYS */;
UNLOCK TABLES;

--
-- Table structure for table `products`
--

DROP TABLE IF EXISTS `products`;
/*!40101 SET @saved_cs_client     = @@character_set_client */;
/*!40101 SET character_set_client = utf8 */;
CREATE TABLE `products` (
  `id` bigint(20) unsigned NOT NULL AUTO_INCREMENT,
  `name` varchar(255) COLLATE utf8mb4_unicode_ci DEFAULT NULL COMMENT 'Название',
  `description` text COLLATE utf8mb4_unicode_ci DEFAULT NULL COMMENT 'Описание',
  `price` decimal(11,2) DEFAULT NULL COMMENT 'Цена',
  `catalog_id` int(10) unsigned DEFAULT NULL,
  `created_at` datetime DEFAULT current_timestamp(),
  `updated_at` datetime DEFAULT current_timestamp() ON UPDATE current_timestamp(),
  PRIMARY KEY (`id`),
  KEY `index_of_catalog_id` (`catalog_id`)
) ENGINE=InnoDB AUTO_INCREMENT=8 DEFAULT CHARSET=utf8mb4 COLLATE=utf8mb4_unicode_ci COMMENT='Товарные позиции';
/*!40101 SET character_set_client = @saved_cs_client */;

--
-- Dumping data for table `products`
--

LOCK TABLES `products` WRITE;
/*!40000 ALTER TABLE `products` DISABLE KEYS */;
INSERT INTO `products` VALUES (1,'Intel Core i3-8100','Процессор для настольных персональных компьютеров, основанных на платформе Intel.',7890.00,1,'2022-12-12 13:00:58','2022-12-12 13:00:58'),(2,'Intel Core i5-7400','Процессор для настольных персональных компьютеров, основанных на платформе Intel.',12700.00,1,'2022-12-12 13:00:58','2022-12-12 13:00:58'),(3,'AMD FX-8320E','Процессор для настольных персональных компьютеров, основанных на платформе AMD.',4780.00,1,'2022-12-12 13:00:58','2022-12-12 13:00:58'),(4,'AMD FX-8320','Процессор для настольных персональных компьютеров, основанных на платформе AMD.',7120.00,1,'2022-12-12 13:00:58','2022-12-12 13:00:58'),(5,'ASUS ROG MAXIMUS X HERO','Материнская плата ASUS ROG MAXIMUS X HERO, Z370, Socket 1151-V2, DDR4, ATX',19310.00,2,'2022-12-12 13:00:58','2022-12-12 13:00:58'),(6,'Gigabyte H310M S2H','Материнская плата Gigabyte H310M S2H, H310, Socket 1151-V2, DDR4, mATX',4790.00,2,'2022-12-12 13:00:58','2022-12-12 13:00:58'),(7,'MSI B250M GAMING PRO','Материнская плата MSI B250M GAMING PRO, B250, Socket 1151, DDR4, mATX',5060.00,2,'2022-12-12 13:00:58','2022-12-12 13:00:58');
/*!40000 ALTER TABLE `products` ENABLE KEYS */;
UNLOCK TABLES;

--
-- Table structure for table `rubrics`
--

DROP TABLE IF EXISTS `rubrics`;
/*!40101 SET @saved_cs_client     = @@character_set_client */;
/*!40101 SET character_set_client = utf8 */;
CREATE TABLE `rubrics` (
  `id` bigint(20) unsigned NOT NULL AUTO_INCREMENT,
  `name` varchar(255) COLLATE utf8mb4_unicode_ci DEFAULT NULL COMMENT 'Название раздела',
  PRIMARY KEY (`id`)
) ENGINE=InnoDB AUTO_INCREMENT=3 DEFAULT CHARSET=utf8mb4 COLLATE=utf8mb4_unicode_ci COMMENT='Разделы интернет-магазина';
/*!40101 SET character_set_client = @saved_cs_client */;

--
-- Dumping data for table `rubrics`
--

LOCK TABLES `rubrics` WRITE;
/*!40000 ALTER TABLE `rubrics` DISABLE KEYS */;
INSERT INTO `rubrics` VALUES (1,'Видеокарты'),(2,'Память');
/*!40000 ALTER TABLE `rubrics` ENABLE KEYS */;
UNLOCK TABLES;

--
-- Table structure for table `storehouses`
--

DROP TABLE IF EXISTS `storehouses`;
/*!40101 SET @saved_cs_client     = @@character_set_client */;
/*!40101 SET character_set_client = utf8 */;
CREATE TABLE `storehouses` (
  `id` bigint(20) unsigned NOT NULL AUTO_INCREMENT,
  `name` varchar(255) COLLATE utf8mb4_unicode_ci DEFAULT NULL COMMENT 'Название',
  `created_at` datetime DEFAULT current_timestamp(),
  `updated_at` datetime DEFAULT current_timestamp() ON UPDATE current_timestamp(),
  PRIMARY KEY (`id`)
) ENGINE=InnoDB AUTO_INCREMENT=5 DEFAULT CHARSET=utf8mb4 COLLATE=utf8mb4_unicode_ci COMMENT='Склады';
/*!40101 SET character_set_client = @saved_cs_client */;

--
-- Dumping data for table `storehouses`
--

LOCK TABLES `storehouses` WRITE;
/*!40000 ALTER TABLE `storehouses` DISABLE KEYS */;
INSERT INTO `storehouses` VALUES (1,'pariatur','1973-12-06 20:54:47','1981-10-23 19:09:28'),(2,'quas','1976-02-07 13:36:19','1987-03-07 13:16:35'),(3,'voluptatibus','1999-05-17 15:49:46','1997-03-15 23:09:05'),(4,'explicabo','1988-11-02 10:13:30','1989-01-17 19:50:20');
/*!40000 ALTER TABLE `storehouses` ENABLE KEYS */;
UNLOCK TABLES;

--
-- Table structure for table `storehouses_products`
--

DROP TABLE IF EXISTS `storehouses_products`;
/*!40101 SET @saved_cs_client     = @@character_set_client */;
/*!40101 SET character_set_client = utf8 */;
CREATE TABLE `storehouses_products` (
  `id` bigint(20) unsigned NOT NULL AUTO_INCREMENT,
  `storehouse_id` int(10) unsigned DEFAULT NULL,
  `product_id` int(10) unsigned DEFAULT NULL,
  `value` int(10) unsigned DEFAULT NULL COMMENT 'Запас товарной позиции на складе',
  `created_at` datetime DEFAULT current_timestamp(),
  `updated_at` datetime DEFAULT current_timestamp() ON UPDATE current_timestamp(),
  PRIMARY KEY (`id`)
) ENGINE=InnoDB AUTO_INCREMENT=101 DEFAULT CHARSET=utf8mb4 COLLATE=utf8mb4_unicode_ci COMMENT='Запасы на складе';
/*!40101 SET character_set_client = @saved_cs_client */;

--
-- Dumping data for table `storehouses_products`
--

LOCK TABLES `storehouses_products` WRITE;
/*!40000 ALTER TABLE `storehouses_products` DISABLE KEYS */;
INSERT INTO `storehouses_products` VALUES (1,3,2,8,'2018-12-30 18:52:58','2008-03-02 03:35:35'),(2,1,6,1,'2006-11-22 11:22:02','1978-06-19 15:46:40'),(3,2,6,8,'1995-11-21 17:40:40','1984-04-29 00:16:47'),(4,2,1,8,'1979-09-29 10:44:01','1974-08-21 16:22:43'),(5,4,4,1,'2004-05-31 02:53:02','1977-08-19 02:20:14'),(6,2,1,4,'2007-10-14 10:56:23','1971-08-11 14:39:26'),(7,3,7,8,'1985-06-01 15:50:01','1975-04-12 01:18:27'),(8,3,1,7,'2021-04-21 21:02:44','1980-02-13 16:30:41'),(9,1,3,5,'1987-04-10 14:04:01','1984-11-12 11:21:42'),(10,2,6,9,'1995-01-11 09:29:16','2002-07-16 03:32:11'),(11,2,1,1,'1975-04-03 04:45:49','2001-09-28 03:46:23'),(12,2,7,9,'1975-09-13 16:59:48','2006-06-12 16:42:25'),(13,3,3,2,'1973-02-06 17:04:32','1997-05-25 08:24:27'),(14,1,2,3,'1974-09-10 01:46:57','2021-06-18 03:01:33'),(15,3,4,4,'2000-08-04 07:37:08','1981-02-18 23:06:49'),(16,4,2,2,'2017-05-07 02:16:45','2021-11-16 20:22:47'),(17,4,7,9,'1990-12-24 05:18:55','1972-06-07 02:26:09'),(18,4,1,9,'2008-07-02 12:47:45','2012-01-01 16:35:10'),(19,3,2,9,'2013-04-03 08:20:32','2005-06-11 04:33:08'),(20,1,4,7,'2016-08-18 02:40:37','1974-01-24 10:05:20'),(21,3,5,8,'1989-10-10 13:26:08','2003-05-30 13:18:41'),(22,3,3,1,'1971-02-01 20:56:59','1998-09-27 02:18:56'),(23,2,2,8,'1972-08-05 06:17:44','2020-12-05 09:26:34'),(24,2,4,7,'1979-02-21 23:43:38','2001-05-26 10:18:36'),(25,3,5,9,'1972-03-24 13:45:56','2000-03-30 15:53:58'),(26,2,7,4,'2007-01-31 11:01:37','1995-10-12 15:09:28'),(27,4,6,1,'1990-08-12 17:40:59','1995-07-14 19:26:45'),(28,4,4,2,'2022-11-07 12:33:29','1999-11-17 21:38:34'),(29,1,1,4,'1988-01-08 12:30:19','1992-08-07 06:12:23'),(30,3,5,6,'1998-10-14 03:38:41','1985-10-13 05:55:01'),(31,3,4,3,'2020-08-28 00:19:33','1991-02-07 15:07:15'),(32,4,3,8,'1976-04-07 13:44:01','2017-11-19 17:49:27'),(33,2,5,5,'1988-12-29 13:29:31','2015-02-13 13:05:28'),(34,2,1,5,'1980-07-08 13:59:55','2017-03-17 03:55:45'),(35,4,5,9,'2020-11-30 01:45:10','1981-05-12 09:57:01'),(36,3,5,9,'2014-01-06 11:06:44','1980-06-17 12:24:03'),(37,2,1,4,'2021-03-21 01:51:56','2004-07-11 02:01:49'),(38,1,6,6,'1998-02-12 15:02:26','1985-12-04 21:32:52'),(39,2,4,7,'1972-03-09 13:18:09','2009-12-14 20:45:59'),(40,2,7,3,'2006-05-02 13:28:08','1975-08-02 14:11:16'),(41,1,5,5,'1994-07-23 11:09:40','1990-05-26 15:18:43'),(42,4,7,5,'2016-07-27 05:08:45','1987-12-23 21:10:12'),(43,2,7,7,'1998-06-17 05:37:48','1986-07-02 09:20:55'),(44,2,4,8,'2010-04-20 08:10:43','2006-06-19 21:00:39'),(45,4,1,5,'2020-12-10 02:16:32','2022-05-09 01:26:57'),(46,1,5,3,'2020-10-31 02:35:09','1985-08-16 20:51:20'),(47,3,7,3,'2021-09-25 06:47:55','1973-11-29 01:45:05'),(48,1,1,4,'1974-06-24 19:42:10','1974-01-23 01:50:13'),(49,3,4,7,'1971-10-08 18:20:38','1974-09-11 00:19:21'),(50,1,4,6,'2016-12-16 20:06:00','1975-12-14 01:24:19'),(51,1,5,9,'1989-09-09 04:04:47','1980-03-06 18:35:13'),(52,1,3,6,'1972-12-08 02:19:27','2022-10-13 05:09:29'),(53,4,2,7,'1994-07-28 14:25:12','1981-07-25 07:44:44'),(54,1,1,8,'1972-08-07 14:45:33','2013-10-28 23:37:15'),(55,3,4,8,'2001-02-28 00:02:39','1971-11-09 05:30:34'),(56,1,5,2,'2010-11-16 21:16:20','1981-05-15 01:42:05'),(57,1,1,6,'2009-06-28 01:40:02','2009-05-02 05:19:30'),(58,3,3,2,'2005-10-20 00:44:03','2022-05-10 01:27:04'),(59,4,1,3,'1981-05-03 21:46:51','2010-06-18 12:47:02'),(60,4,7,4,'1991-10-04 04:35:51','1977-01-12 06:08:50'),(61,1,1,4,'1995-02-24 06:47:56','1996-02-28 16:04:03'),(62,3,6,3,'1980-03-07 15:33:11','2008-01-23 15:30:14'),(63,1,5,7,'1973-07-17 21:36:05','2004-02-17 05:59:26'),(64,4,5,8,'1988-05-26 00:41:48','2012-07-22 22:59:21'),(65,1,7,7,'2022-04-02 05:23:20','1982-09-07 12:21:27'),(66,1,3,3,'1983-11-19 01:46:22','1989-12-06 11:36:06'),(67,3,3,4,'2013-02-21 04:42:34','2008-01-28 11:33:02'),(68,3,3,6,'2014-06-11 21:44:22','1976-10-12 02:51:35'),(69,2,7,2,'1976-11-20 17:42:02','1971-02-21 15:50:46'),(70,3,1,2,'2012-09-11 23:50:15','1998-02-26 12:46:17'),(71,2,5,8,'2014-08-26 23:55:03','1977-11-29 09:36:53'),(72,4,3,6,'1993-07-26 10:51:08','1998-01-16 18:30:01'),(73,3,3,2,'2009-03-09 08:43:19','1998-01-02 00:28:12'),(74,4,5,2,'1992-07-02 23:07:13','1997-11-03 00:06:58'),(75,2,5,6,'2008-10-24 01:56:05','1982-04-23 08:30:20'),(76,3,4,4,'1994-06-06 15:24:03','1988-04-05 23:53:37'),(77,4,1,3,'2001-08-10 16:59:05','1994-06-30 10:02:41'),(78,2,6,3,'1973-01-06 11:30:52','2010-09-24 21:56:17'),(79,3,1,2,'2018-07-05 17:11:14','2005-01-31 07:53:46'),(80,2,6,6,'1990-01-02 05:07:36','1987-08-05 21:12:47'),(81,1,5,3,'1992-06-13 14:58:14','2019-12-15 01:51:18'),(82,1,5,4,'1981-07-12 03:46:47','1993-10-21 19:22:59'),(83,4,6,7,'2000-03-20 04:58:37','1981-03-26 15:13:17'),(84,1,4,3,'2014-04-29 04:29:14','1999-11-02 04:11:43'),(85,3,5,3,'2004-10-15 22:30:14','1972-03-26 10:31:02'),(86,3,1,1,'2002-12-20 08:06:07','2001-12-20 17:29:15'),(87,1,2,7,'2006-05-06 03:36:03','2005-06-15 00:32:25'),(88,2,6,9,'2016-04-04 14:07:54','1987-05-09 02:42:16'),(89,3,2,2,'1993-05-28 02:06:10','2012-08-21 20:20:01'),(90,2,1,3,'1992-02-22 16:11:29','1973-03-05 17:24:35'),(91,4,7,9,'2017-05-09 07:48:50','2014-08-14 06:09:46'),(92,3,5,1,'2001-02-02 14:05:32','1987-02-20 09:22:55'),(93,1,6,8,'2004-10-09 23:43:19','1990-12-05 15:36:32'),(94,2,6,9,'1988-06-15 19:40:39','1999-03-17 23:01:50'),(95,4,7,9,'2004-02-29 18:33:17','1984-08-03 19:45:43'),(96,3,1,2,'2014-12-04 09:16:36','1985-01-26 07:47:16'),(97,3,5,3,'1993-03-13 22:48:53','1982-02-17 16:29:03'),(98,3,5,9,'2004-11-30 12:58:54','1995-01-03 05:16:02'),(99,3,6,8,'2021-06-01 11:45:41','1995-11-04 13:00:33'),(100,1,2,4,'1972-10-12 19:34:41','1978-05-13 01:08:54');
/*!40000 ALTER TABLE `storehouses_products` ENABLE KEYS */;
UNLOCK TABLES;

--
-- Table structure for table `users`
--

DROP TABLE IF EXISTS `users`;
/*!40101 SET @saved_cs_client     = @@character_set_client */;
/*!40101 SET character_set_client = utf8 */;
CREATE TABLE `users` (
  `id` bigint(20) unsigned NOT NULL AUTO_INCREMENT,
  `name` varchar(255) COLLATE utf8mb4_unicode_ci DEFAULT NULL COMMENT 'Имя покупателя',
  `birthday_at` date DEFAULT NULL COMMENT 'Дата рождения',
  `created_at` datetime DEFAULT current_timestamp(),
  `updated_at` datetime DEFAULT current_timestamp() ON UPDATE current_timestamp(),
  PRIMARY KEY (`id`)
) ENGINE=InnoDB AUTO_INCREMENT=11 DEFAULT CHARSET=utf8mb4 COLLATE=utf8mb4_unicode_ci COMMENT='Покупатели';
/*!40101 SET character_set_client = @saved_cs_client */;

--
-- Dumping data for table `users`
--

LOCK TABLES `users` WRITE;
/*!40000 ALTER TABLE `users` DISABLE KEYS */;
INSERT INTO `users` VALUES (1,'Norene','1996-10-13','2016-04-29 09:53:02','2008-09-18 03:27:32'),(2,'Kendrick','1984-02-08','2021-06-20 14:55:51','1996-02-02 17:47:03'),(3,'Marcelle','2003-05-10','2021-04-09 03:38:36','1976-06-29 22:10:02'),(4,'Rosalee','1985-05-31','1981-12-08 05:59:15','1995-03-29 13:03:24'),(5,'Roscoe','2001-07-02','1996-01-18 17:56:46','2000-07-04 19:34:34'),(6,'Christiana','2003-09-21','1979-08-06 01:30:16','2008-06-12 03:31:21'),(7,'Shayne','1985-09-30','1998-09-26 05:45:53','2002-09-10 09:25:45'),(8,'Zoe','2019-03-28','2018-04-24 07:41:36','1992-01-22 16:17:22'),(9,'Delta','1996-04-11','2009-10-07 01:26:28','2013-10-16 09:58:48'),(10,'Deondre','1997-09-13','1994-06-28 02:35:39','1972-02-07 12:03:18');
/*!40000 ALTER TABLE `users` ENABLE KEYS */;
UNLOCK TABLES;
/*!40103 SET TIME_ZONE=@OLD_TIME_ZONE */;

/*!40101 SET SQL_MODE=@OLD_SQL_MODE */;
/*!40014 SET FOREIGN_KEY_CHECKS=@OLD_FOREIGN_KEY_CHECKS */;
/*!40014 SET UNIQUE_CHECKS=@OLD_UNIQUE_CHECKS */;
/*!40101 SET CHARACTER_SET_CLIENT=@OLD_CHARACTER_SET_CLIENT */;
/*!40101 SET CHARACTER_SET_RESULTS=@OLD_CHARACTER_SET_RESULTS */;
/*!40101 SET COLLATION_CONNECTION=@OLD_COLLATION_CONNECTION */;
/*!40111 SET SQL_NOTES=@OLD_SQL_NOTES */;

-- Dump completed on 2022-12-12 13:11:14
